brand,phone_name,chipset_raw,internalmemory_raw,battery_raw,released_raw,release_year,gsmarena_url,scraped_at
Apple,Apple iPhone Duo,Apple A20 Pro (2 nm),"256GB 12GB RAM, 512GB 12GB RAM, 1TB 12GB RAM, 2TB 12GB RAM",Li-Ion,"2026, September 09",2026,https://www.gsmarena.com/apple_iphone_duo_fold-13804.php,2026-09-30 14:48:30.379862
Apple,Apple iPhone 18 Pro Max,Apple A20 Pro (2 nm),"256GB 12GB RAM, 512GB 12GB RAM, 1TB 12GB RAM, 2TB 12GB RAM",Market-dependent versions: · Li-Ion 5391 mAh - Nano SIM model · Li-Ion 5567 mAh - eSIM only model,"2026, September 09",2026,https://www.gsmarena.com/apple_iphone_18_pro_max-14716.php,2026-09-30 14:48:34.297379
Apple,Apple iPhone 18 Pro,Apple A20 Pro (2 nm),"256GB 12GB RAM, 512GB 12GB RAM, 1TB 12GB RAM, 2TB 12GB RAM",Market-dependent versions: · Li-Ion 4056 mAh - Nano SIM model · Li-Ion 4288 mAh - eSIM only model*,"2026, September 09",2026,https://www.gsmarena.com/apple_iphone_18_pro-14934.php,2026-09-30 14:48:39.197565
Apple,Apple iPhone 17e,Apple A19 (3 nm),"256GB 8GB RAM, 512GB 8GB RAM",Li-Ion 4005 mAh,"2026, March 02",2026,https://www.gsmarena.com/apple_iphone_17e-14487.php,2026-09-30 14:48:57.444511
Apple,Apple iPhone 17 Pro Max,Apple A19 Pro (3 nm),"256GB 12GB RAM, 512GB 12GB RAM, 1TB 12GB RAM, 2TB 12GB RAM",Market-dependent versions: · Li-Ion 4823 mAh - Nano SIM model · Li-Ion 5088 mAh - eSIM only model,"2025, September 09",2025,https://www.gsmarena.com/apple_iphone_17_pro_max-13964.php,2026-09-30 14:49:21.048971
Apple,Apple iPhone 17 Pro,Apple A19 Pro (3 nm),"256GB 12GB RAM, 512GB 12GB RAM, 1TB 12GB RAM",Market-dependent versions: · Li-Ion 3998 mAh - Nano SIM model · Li-Ion 4252 mAh - eSIM only model,"2025, September 09",2025,https://www.gsmarena.com/apple_iphone_17_pro-14049.php,2026-09-30 14:49:24.898426
Apple,Apple iPhone Air,Apple A19 Pro (3 nm),"256GB 12GB RAM, 512GB 12GB RAM, 1TB 12GB RAM",Li-Ion 3149 mAh,"2025, September 09",2025,https://www.gsmarena.com/apple_iphone_17_air-13502.php,2026-09-30 14:49:29.339249
Apple,Apple iPhone 17,Apple A19 (3 nm),"256GB 8GB RAM, 512GB 8GB RAM",Li-Ion 3692 mAh,"2025, September 09",2025,https://www.gsmarena.com/apple_iphone_17-14050.php,2026-09-30 14:49:34.111496
Apple,Apple iPhone 16e,Apple A18 (3 nm),"128GB 8GB RAM, 256GB 8GB RAM, 512GB 8GB RAM",Li-Ion 4005 mAh,"2025, February 19",2025,https://www.gsmarena.com/apple_iphone_16e-13395.php,2026-09-30 14:50:09.495260
Apple,Apple iPhone 16 Pro Max,Apple A18 Pro (3 nm),"256GB 8GB RAM, 512GB 8GB RAM, 1TB 8GB RAM",Li-Ion 4685 mAh,"2024, September 09",2024,https://www.gsmarena.com/apple_iphone_16_pro_max-13123.php,2026-09-30 14:50:17.770438
Apple,Apple iPhone 16 Pro,Apple A18 Pro (3 nm),"128GB 8GB RAM, 256GB 8GB RAM, 512GB 8GB RAM, 1TB 8GB RAM",Li-Ion 3582 mAh,"2024, September 09",2024,https://www.gsmarena.com/apple_iphone_16_pro-13315.php,2026-09-30 14:50:23.073561
Apple,Apple iPhone 16 Plus,Apple A18 (3 nm),"128GB 8GB RAM, 256GB 8GB RAM, 512GB 8GB RAM",Li-Ion 4674 mAh,"2024, September 09",2024,https://www.gsmarena.com/apple_iphone_16_plus-13316.php,2026-09-30 14:50:27.841021
Apple,Apple iPhone 16,Apple A18 (3 nm),"128GB 8GB RAM, 256GB 8GB RAM, 512GB 8GB RAM",Li-Ion 3561 mAh,"2024, September 09",2024,https://www.gsmarena.com/apple_iphone_16-13317.php,2026-09-30 19:13:19.007373
Huawei,Huawei Mate XT 2 Ultimate,Kirin 9050 Pro,"256GB 16GB RAM, 512GB 16GB RAM, 1TB 16GB RAM",Si/C Li-Ion 5600 mAh,"2026, September 07",2026,https://www.gsmarena.com/huawei_mate_xt_2_ultimate_5g-14929.php,2026-09-30 14:50:32.840390
Huawei,Huawei Pura X View,Kirin 9030S (5 nm),"256GB 12GB RAM, 512GB 12GB RAM, 1TB 12GB RAM",7000 mAh,"2026, September 07",2026,https://www.gsmarena.com/huawei_pura_x_view-14887.php,2026-09-30 14:50:38.433690
Huawei,Huawei nova 16s Pro,Kirin 9010S,"256GB 12GB RAM, 512GB 12GB RAM",7000 mAh,"2026, September 03",2026,https://www.gsmarena.com/huawei_nova_16s_pro_5g-14922.php,2026-09-30 14:50:56.810443
Huawei,Huawei nova 16s,Kirin 8020,"256GB 12GB RAM, 512GB 12GB RAM",7000 mAh,"2026, September 03",2026,https://www.gsmarena.com/huawei_nova_16s_5g-14923.php,2026-09-30 14:51:00.731110
Huawei,Huawei MatePad Pro 12 (2026),Kirin T93 / Kirin T93A,"256GB 12GB RAM, 512GB 12GB RAM, 512GB 16GB RAM",Li-Po 10400 mAh,"2026, August 05",2026,https://www.gsmarena.com/huawei_matepad_pro_12_(2026)-14864.php,2026-09-30 14:51:14.209067
Huawei,Huawei nova 16 SE,Kirin 8020,"128GB 8GB RAM, 256GB 8GB RAM, 512GB 8GB RAM",8500 mAh,"2026, August 05",2026,https://www.gsmarena.com/huawei_nova_16_se-14861.php,2026-09-30 14:51:18.876741
Huawei,Huawei Pura 90s Pro Max,Kirin 9030S (5 nm),"256GB 12GB RAM, 512GB 12GB RAM",6000 mAh (International) or 5500 mAh (Europe),"2026, July 14",2026,https://www.gsmarena.com/huawei_pura_90s_pro_max_5g-14794.php,2026-09-30 14:51:24.719920
Huawei,Huawei Pura 90s Pro,Kirin 9030S (5 nm),"256GB 12GB RAM, 512GB 12GB RAM",6000 mAh (International) or 5500 mAh (Europe),"2026, July 14",2026,https://www.gsmarena.com/huawei_pura_90s_pro_5g-14795.php,2026-09-30 14:51:30.390091
Huawei,Huawei MatePad Air (2026),Kirin T93B or Kirin T93C,"256GB 8GB RAM, 256GB 12GB RAM, 512GB 12GB RAM",Li-Po 10100 mAh,"2026, July 14",2026,https://www.gsmarena.com/huawei_matepad_air_(2026)-14796.php,2026-09-30 14:51:34.193927
Huawei,Huawei nova 16 Ultra,Kirin 9010S,"256GB 12GB RAM, 512GB 12GB RAM, 1TB 12GB RAM",7000 mAh,"2026, June 01",2026,https://www.gsmarena.com/huawei_nova_16_ultra_5g-14698.php,2026-09-30 14:51:39.539237
Huawei,Huawei nova 16 Pro,Kirin 9010S,"256GB 12GB RAM, 512GB 12GB RAM, 1TB 12GB RAM",7000 mAh,"2026, June 01",2026,https://www.gsmarena.com/huawei_nova_16_pro_5g-14699.php,2026-09-30 14:51:43.883742
Huawei,Huawei nova 16,Kirin 9010S,"256GB 12GB RAM, 512GB 12GB RAM",7000 mAh,"2026, June 01",2026,https://www.gsmarena.com/huawei_nova_16_5g-14700.php,2026-09-30 14:51:48.804406
Huawei,Huawei nova 16z,Kirin 8020,"256GB 12GB RAM, 512GB 12GB RAM",Si/C Li-Ion 6000 mAh,"2026, June 01",2026,https://www.gsmarena.com/huawei_nova_16z_5g-14701.php,2026-09-30 14:51:54.326124
Huawei,Huawei nova Y74,,"128GB 8GB RAM, 256GB 8GB RAM",Si/C Li-Ion 6620 mAh,"2026, May",2026,https://www.gsmarena.com/huawei_nova_y74-14703.php,2026-09-30 14:51:58.250843
Huawei,Huawei MatePad Pro Max,Kirin T93 Pro,"256GB 12GB RAM, 512GB 12GB RAM, 512GB 16GB RAM, 1TB 20GB RAM",10400 mAh (International) or 9760 mAh (Europe),"2026, May 07",2026,https://www.gsmarena.com/huawei_matepad_pro_max-14658.php,2026-09-30 14:52:03.861223
Huawei,Huawei nova 15 Max,,256GB 8GB RAM,8500 mAh,"2026, May 07",2026,https://www.gsmarena.com/huawei_nova_15_max-14656.php,2026-09-30 14:52:08.668687
Huawei,Huawei Pura X Max,Kirin 9030 Pro (6 nm),"256GB 12GB RAM, 512GB 12GB RAM, 512GB 16GB RAM, 1TB 16GB RAM",5300 mAh,"2026, April 20",2026,https://www.gsmarena.com/huawei_pura_x_max_5g-14607.php,2026-09-30 14:55:25.898317
Huawei,Huawei Pura 90 Pro Max,Kirin 9030S (5 nm),"256GB 12GB RAM, 512GB 12GB RAM, 512GB 16GB RAM, 1TB 16GB RAM",Li-Po 6000 mAh,"2026, April 20",2026,https://www.gsmarena.com/huawei_pura_90_pro_max_5g-14609.php,2026-09-30 14:55:31.584916
Huawei,Huawei Pura 90 Pro,Kirin 9030S (5 nm),"256GB 12GB RAM, 512GB 12GB RAM, 512GB 16GB RAM, 1TB 16GB RAM",Li-Po 6000 mAh,"2026, April 20",2026,https://www.gsmarena.com/huawei_pura_90_pro_5g-14610.php,2026-09-30 14:55:36.758244
Huawei,Huawei Pura 90,Kirin 9010s (7 nm),"256GB 12GB RAM, 512GB 12GB RAM, 512GB 16GB RAM",6500 mAh,"2026, April 20",2026,https://www.gsmarena.com/huawei_pura_90_5g-14612.php,2026-09-30 14:55:40.974634
Huawei,Huawei Enjoy 90 Pro Max,Kirin 8000 (7 nm),"128GB 8GB RAM, 256GB 8GB RAM, 512GB 8GB RAM",Si/C Li-Ion 8500 mAh,"2026, March 23",2026,https://www.gsmarena.com/huawei_enjoy_90_pro_max-14553.php,2026-09-30 14:55:53.576667
Huawei,Huawei MatePad Air Z Enjoy,Kirin T93SD or Kirin T93S,"128GB 8GB RAM, 256GB 8GB RAM, 256GB 12GB RAM",Li-Po 10100 mAh,"2026, September 30",2026,https://www.gsmarena.com/huawei_matepad_air_z_enjoy-14980.php,2026-09-30 19:13:23.990926
Huawei,Huawei MatePad Air Z,Kirin T93SD or Kirin T93S,"256GB 8GB RAM, 256GB 12GB RAM",Li-Po 10100 mAh,"2026, September 30",2026,https://www.gsmarena.com/huawei_matepad_air_z-14979.php,2026-09-30 19:13:29.610121
Huawei,Huawei Enjoy 90m Plus,Kirin 8000 (7 nm),"128GB 8GB RAM, 256GB 8GB RAM",Si/C Li-Ion 6620 mAh,"2026, April 10",2026,https://www.gsmarena.com/huawei_enjoy_90m_plus-14587.php,2026-09-30 19:13:35.531454
Huawei,Huawei Enjoy 90 Plus,Kirin 8000 (7 nm),"128GB 8GB RAM, 256GB 8GB RAM, 512GB 8GB RAM",Si/C Li-Ion 6620 mAh,"2026, March 23",2026,https://www.gsmarena.com/huawei_enjoy_90_plus-14554.php,2026-09-30 19:13:40.970905
Huawei,Huawei Enjoy 90,Kirin 8000A,"128GB 8GB RAM, 256GB 8GB RAM",Si/C Li-Ion 6620 mAh,"2026, March 23",2026,https://www.gsmarena.com/huawei_enjoy_90-14556.php,2026-09-30 19:13:46.330510
Huawei,Huawei Mate 80 Pro Max Wind,Kirin 9030 Pro (6 nm),"512GB 16GB RAM, 1TB 16GB RAM",6000 mAh,"2026, March 23",2026,https://www.gsmarena.com/huawei_mate_80_pro_max_wind_5g-14555.php,2026-09-30 19:13:51.522593
Huawei,Huawei nova 15 Ultra,Kirin 9010S,"256GB 12GB RAM, 512GB 12GB RAM, 1TB 12GB RAM",Si/C Li-Ion 6500 mAh,"2025, December 22",2025,https://www.gsmarena.com/huawei_nova_15_ultra_5g-14370.php,2026-09-30 19:13:57.114945
Huawei,Huawei nova 15 Pro,Kirin 9010S,"256GB 12GB RAM, 512GB 12GB RAM, 1TB 12GB RAM",Si/C Li-Ion 6500 mAh,"2025, December 22",2025,https://www.gsmarena.com/huawei_nova_15_pro_5g-14371.php,2026-09-30 19:14:00.493799
Huawei,Huawei nova 15,Kirin 8020,"256GB 12GB RAM, 512GB 12GB RAM",Si/C Li-Ion 6000 mAh,"2025, December 22",2025,https://www.gsmarena.com/huawei_nova_15_5g-14372.php,2026-09-30 19:14:05.060349
Infinix,Infinix Xpad 30 Pro,Mediatek Helio G200 Ultimate (6 nm),"128GB 4GB RAM, 128GB 6GB RAM, 128GB 8GB RAM, 256GB 8GB RAM",8200 mAh,"2026, September 07",2026,https://www.gsmarena.com/infinix_xpad_30_pro-14913.php,2026-09-30 14:55:57.846220
Infinix,Infinix Hot 70 Pro,Mediatek Dimensity 7100 (6 nm),"128GB 6GB RAM, 128GB 8GB RAM, 256GB 8GB RAM",6000 mAh or 5600 mAh,"2026, July 16",2026,https://www.gsmarena.com/infinix_hot_70_pro_5g-14806.php,2026-09-30 14:56:02.888808
Infinix,Infinix Hot 70,Mediatek Helio G100 Ultimate (6 nm),"128GB 4GB RAM, 128GB 6GB RAM, 128GB 8GB RAM, 256GB 6GB RAM, 256GB 8GB RAM",6000 mAh,"2026, May 25",2026,https://www.gsmarena.com/infinix_hot_70-14683.php,2026-09-30 14:56:07.689251
Infinix,Infinix GT 50 Pro,Mediatek Dimensity 8400 Ultimate (4 nm),"256GB 12GB RAM, 512GB 12GB RAM",6150 mAh or 6500 mAh,"2026, April 24",2026,https://www.gsmarena.com/infinix_gt_50_pro_5g-14497.php,2026-09-30 14:56:13.193104
Infinix,Infinix Note 60 Ultra,Mediatek Dimensity 8400 Ultimate (4 nm),"256GB 12GB RAM, 512GB 12GB RAM",Si/C Li-Ion 7000 mAh,"2026, March 04",2026,https://www.gsmarena.com/infinix_note_60_ultra_5g-14528.php,2026-09-30 14:56:18.554627
Infinix,Infinix Note 60 Pro,Qualcomm SM7635-AC Snapdragon 7s Gen 4 (4 nm),"128GB 8GB RAM, 256GB 8GB RAM, 256GB 12GB RAM",6000 mAh or 6500 mAh,"2026, February 18",2026,https://www.gsmarena.com/infinix_note_60_pro_5g-14499.php,2026-09-30 14:56:22.136346
Infinix,Infinix Note 60,Mediatek Dimensity 7400 Ultimate (4 nm),"128GB 8GB RAM, 256GB 8GB RAM",6150 mAh or 6500 mAh,"2026, February 18",2026,https://www.gsmarena.com/infinix_note_60_5g-14498.php,2026-09-30 14:56:27.093135
Infinix,Infinix Smart 20,Mediatek Helio G81 Ultimate (12 nm),"64GB 4GB RAM, 128GB 4GB RAM",5200 mAh,"2026, March 04",2026,https://www.gsmarena.com/infinix_smart_20-14502.php,2026-09-30 14:56:30.622057
Infinix,Infinix Note Edge,Mediatek Dimensity 7100 (6 nm),"128GB 8GB RAM, 256GB 8GB RAM",6500 mAh,"2026, January 19",2026,https://www.gsmarena.com/infinix_note_edge_5g-14421.php,2026-09-30 14:56:35.447647
Infinix,Infinix Xpad 20 Pro,Mediatek Helio G100 Ultimate (6 nm),"128GB 4GB RAM, 128GB 8GB RAM, 256GB 8GB RAM",8000 mAh,"2025, September 03",2025,https://www.gsmarena.com/infinix_xpad_20_pro-14116.php,2026-09-30 14:56:41.047031
Infinix,Infinix Hot 60i,Mediatek Dimensity 6400 (6 nm),128GB 4GB RAM,6000 mAh,"2025, August 16",2025,https://www.gsmarena.com/infinix_hot_60i_5g-14072.php,2026-09-30 14:56:44.934333
Infinix,Infinix GT 30,Mediatek Dimensity 7400 (4 nm),"128GB 8GB RAM, 256GB 8GB RAM",5500 mAh,"2025, August 08",2025,https://www.gsmarena.com/infinix_gt_30_5g-14044.php,2026-09-30 14:56:50.294787
Infinix,Infinix Hot 60,Mediatek Dimensity 7020 (6 nm),"128GB 6GB RAM, 256GB 8GB RAM",5200 mAh,"2025, July 11",2025,https://www.gsmarena.com/infinix_hot_60_5g-14006.php,2026-09-30 14:56:54.456851
Infinix,Infinix Hot 60 Pro+,Mediatek Helio G200 (6 nm),"128GB 6GB RAM, 128GB 8GB RAM, 256GB 8GB RAM",5160 mAh,"2025, July 10",2025,https://www.gsmarena.com/infinix_hot_60_pro+-14002.php,2026-09-30 14:56:58.655679
Infinix,Infinix Hot 60 Pro,Mediatek Helio G200 (6 nm),"128GB 8GB RAM, 256GB 8GB RAM",5160 mAh,"2025, July 10",2025,https://www.gsmarena.com/infinix_hot_60_pro-14003.php,2026-09-30 14:57:02.956688
Infinix,Infinix Hot 60i 4G,Mediatek Helio G81 Ultimate (12 nm),"128GB 4GB RAM, 128GB 6GB RAM, 256GB 4GB RAM, 256GB 8GB RAM",5160 mAh,"2025, July 02",2025,https://www.gsmarena.com/infinix_hot_60i-13983.php,2026-09-30 14:57:06.471934
Infinix,Infinix Smart 10 HD,(12 nm),64GB 2GB RAM,5000 mAh,"2025, June 16",2025,https://www.gsmarena.com/infinix_smart_10_hd-13954.php,2026-09-30 14:57:11.024856
Infinix,Infinix Smart 10 Plus,Unisoc T7250 (12 nm),"128GB 4GB RAM, 128GB 8GB RAM",6000 mAh,"2025, June 16",2025,https://www.gsmarena.com/infinix_smart_10_plus-13953.php,2026-09-30 14:57:16.023972
Infinix,Infinix Smart 10,Unisoc T7250 (12 nm),"64GB 3GB RAM, 64GB 4GB RAM, 128GB 4GB RAM, 128GB 6GB RAM, 256GB 4GB RAM, 256GB 8GB RAM",5000 mAh,"2025, June 16",2025,https://www.gsmarena.com/infinix_smart_10-13933.php,2026-09-30 14:57:20.890363
Infinix,Infinix Xpad 20,Mediatek Helio G88 (12 nm),"128GB 4GB RAM, 128GB 6GB RAM, 128GB 8GB RAM, 256GB 8GB RAM",7000 mAh,"2025, May 30",2025,https://www.gsmarena.com/infinix_xpad_20-13922.php,2026-09-30 14:57:24.302145
Infinix,Infinix GT 30 Pro,Mediatek Dimensity 8350 Ultimate (4 nm),"256GB 8GB RAM, 256GB 12GB RAM, 512GB 12GB RAM",5200 mAh or 5500 mAh,"2025, May 21",2025,https://www.gsmarena.com/infinix_gt_30_pro_5g-13889.php,2026-09-30 14:57:27.763258
Infinix,Infinix Xpad GT,Qualcomm SM8350 Snapdragon 888 5G (5 nm),256GB 8GB RAM,10000 mAh,"2025, May 21",2025,https://www.gsmarena.com/infinix_xpad_gt-13890.php,2026-09-30 14:57:33.560183
Infinix,Infinix Note 50s,Mediatek Dimensity 7300 Ultimate (4 nm),"128GB 6GB RAM, 128GB 8GB RAM, 256GB 8GB RAM",5500 mAh,"2025, April 18",2025,https://www.gsmarena.com/infinix_note_50s_5g-13793.php,2026-09-30 14:57:37.653143
Infinix,Infinix Note 50x,Mediatek Dimensity 7300 Ultimate (4 nm),"128GB 6GB RAM, 128GB 8GB RAM, 256GB 8GB RAM",5500 mAh,"2025, March 27",2025,https://www.gsmarena.com/infinix_note_50x-13747.php,2026-09-30 14:57:42.024877
Infinix,Infinix Note 50 Pro+,Mediatek Dimensity 8350 Ultimate (4 nm),256GB 12GB RAM,Si/C Li-Ion 5200 mAh,"2025, March 20",2025,https://www.gsmarena.com/infinix_note_50_pro+-13746.php,2026-09-30 14:57:46.120192
Infinix,Infinix Note 50 Pro 4G,Mediatek Helio G100 Ultimate (6 nm),"256GB 8GB RAM, 256GB 12GB RAM",5200 mAh,"2025, March 04",2025,https://www.gsmarena.com/infinix_note_50_pro_4g-13701.php,2026-09-30 14:57:51.142109
Infinix,Infinix Note 50 4G,Mediatek Helio G100 Ultimate (6 nm),256GB 8GB RAM,5200 mAh,"2025, March 04",2025,https://www.gsmarena.com/infinix_note_50_4g-13705.php,2026-09-30 14:57:55.678356
Infinix,Infinix Smart 9 HD,Mediatek Helio,"64GB 3GB RAM, 64GB 4GB RAM",5000 mAh,"2024, November",2024,https://www.gsmarena.com/infinix_smart_9_hd-13590.php,2026-09-30 14:57:59.889344
Infinix,Infinix Hot 50 Pro 4G,Mediatek Helio G100 (6 nm),"128GB 8GB RAM, 256GB 8GB RAM",5000 mAh,"2024, October 20",2024,https://www.gsmarena.com/infinix_hot_50_pro_4g-13461.php,2026-09-30 14:58:03.395083
Infinix,Infinix Hot 50 Pro+ 4G,Mediatek Helio G100 (6 nm),"128GB 8GB RAM, 256GB 8GB RAM",5000 mAh,"2024, October 20",2024,https://www.gsmarena.com/infinix_hot_50_pro+_4g-13408.php,2026-09-30 14:58:07.223559
Infinix,Infinix Note 40S,Mediatek Helio G99 Ultimate,256GB 8GB RAM,5000 mAh,"2024, September",2024,https://www.gsmarena.com/infinix_note_40s-13460.php,2026-09-30 14:58:10.820266
Oppo,Oppo Find X10 Pro Max,Mediatek Dimensity 9600 Pro (2 nm),"256GB 12GB RAM, 512GB 12GB RAM, 512GB 16GB RAM, 1TB 16GB RAM",Si/C Li-Ion 7150 mAh - EU Si/C Li-Ion 8000 mAh - Global,"2026, September 22",2026,https://www.gsmarena.com/oppo_find_x10_pro_max-14939.php,2026-09-30 15:00:30.911513
Oppo,Oppo Find X10,Mediatek Dimensity 9600M (3 nm),"256GB 12GB RAM, 512GB 12GB RAM, 512GB 16GB RAM, 1TB 16GB RAM",Si/C Li-Ion 7150 mAh - EU Si/C Li-Ion 8000 mAh - Global,"2026, September 22",2026,https://www.gsmarena.com/oppo_find_x10-14953.php,2026-09-30 15:00:34.514700
Oppo,Oppo Find X10 E,Mediatek Dimensity 9500s (3 nm),"256GB 12GB RAM, 512GB 16GB RAM",Si/C Li-Ion 7025 mAh,"2026, September 22",2026,https://www.gsmarena.com/oppo_find_x10_e-14954.php,2026-09-30 15:00:38.122396
Oppo,Oppo K14 Plus,Mediatek Dimensity 7360 Max (4 nm),"128GB 6GB RAM, 128GB 8GB RAM, 256GB 8GB RAM",8000 mAh,"2026, September 28",2026,https://www.gsmarena.com/oppo_k14_plus_5g-14963.php,2026-09-30 15:00:43.481171
Oppo,Oppo K14 Lite,Unisoc T7250 (12 nm),64GB 4GB RAM,7000 mAh,"2026, September 16",2026,https://www.gsmarena.com/oppo_k14_lite-14942.php,2026-09-30 15:00:47.064389
Oppo,Oppo A7 Pro,Mediatek Dimensity 6360 Max (6 nm),"256GB 6GB RAM, 256GB 8GB RAM",Si/C Li-Ion 8000 mAh,"2026, September 08",2026,https://www.gsmarena.com/oppo_a7_pro_5g-14928.php,2026-09-30 15:00:51.654794
Oppo,Oppo A7 Pro Max,Qualcomm Snapdragon 4 Gen 5 (4 nm),"128GB 8GB RAM, 256GB 6GB RAM, 256GB 8GB RAM, 256GB 12GB RAM, 512GB 12GB RAM",Si/C Li-Ion 10000 mAh,"2026, August 04",2026,https://www.gsmarena.com/oppo_a7_pro_max_5g-14828.php,2026-09-30 15:00:55.901183
Oppo,Oppo K15,Mediatek Dimensity 7360 Super (4 nm),256GB 12GB RAM,Si/C Li-Ion 8000 mAh,"2026, July 24",2026,https://www.gsmarena.com/oppo_k15_5g-14810.php,2026-09-30 15:01:00.366171
Oppo,Oppo Reno16c,Mediatek Dimensity 7300 Energy (4 nm),"128GB 8GB RAM, 256GB 8GB RAM, 256GB 12GB RAM",Si/C Li-Ion 7000 mAh,"2026, July 02",2026,https://www.gsmarena.com/oppo_reno16c_5g-14768.php,2026-09-30 15:01:04.795253
Oppo,Oppo Reno16 Pro,Mediatek Dimensity 8550 Super (4 nm),"256GB 12GB RAM, 512GB 12GB RAM",Si/C Li-Ion 6700 mAh (International) or 6000 mAh (Europe),"2026, June 25",2026,https://www.gsmarena.com/oppo_reno16_pro_5g-14746.php,2026-09-30 15:01:10.105338
Oppo,Oppo Reno16,Qualcomm SM7750-AB Snapdragon 7 Gen 4 (4 nm),"256GB 8GB RAM, 256GB 12GB RAM, 512GB 8GB RAM, 512GB 12GB RAM",Si/C Li-Ion 6700 mAh (International) or 6000 mAh (Europe),"2026, June 25",2026,https://www.gsmarena.com/oppo_reno16_5g-14747.php,2026-09-30 15:01:15.626249
Oppo,Oppo Reno16 FS,Mediatek Dimensity 7300 Energy (4 nm),512GB 8GB RAM,Si/C Li-Ion 6500 mAh,"2026, June 25",2026,https://www.gsmarena.com/oppo_reno16_fs_5g-14752.php,2026-09-30 15:01:19.228108
Oppo,Oppo Reno16 F,Mediatek Dimensity 7300 Energy (4 nm),"128GB 8GB RAM, 256GB 8GB RAM, 256GB 12GB RAM",Si/C Li-Ion 7000 mAh (International) or 6500 mAh (Europe),"2026, June 25",2026,https://www.gsmarena.com/oppo_reno16_f_5g-14751.php,2026-09-30 15:01:24.919587
Oppo,Oppo Reno16 Pro (China),Mediatek Dimensity 9500s (3 nm),"256GB 12GB RAM, 512GB 12GB RAM, 512GB 16GB RAM",7000 mAh,"2026, May 25",2026,https://www.gsmarena.com/oppo_reno16_pro_5g_(china)-14675.php,2026-09-30 15:01:28.726815
Oppo,Oppo Reno16 (China),Mediatek Dimensity 8500 Super (4 nm),"256GB 12GB RAM, 256GB 16GB RAM, 512GB 12GB RAM, 512GB 16GB RAM, 1TB 16GB RAM",6700 mAh,"2026, May 25",2026,https://www.gsmarena.com/oppo_reno16_5g_(china)-14676.php,2026-09-30 15:01:33.154269
Oppo,Oppo Find X9 Ultra,Qualcomm SM8850-AC Snapdragon 8 Elite Gen 5 (3 nm),"256GB 12GB RAM, 512GB 12GB RAM, 512GB 16GB RAM, 1TB 16GB RAM",Si/C Li-Ion 7050 mAh,"2026, April 21",2026,https://www.gsmarena.com/oppo_find_x9_ultra_5g-14548.php,2026-09-30 15:01:42.080848
Oppo,Oppo Find X9s Pro,Mediatek Dimensity 9500 (3 nm),"256GB 12GB RAM, 512GB 12GB RAM, 512GB 16GB RAM, 1TB 16GB RAM",Si/C Li-Ion 7025 mAh,"2026, April 21",2026,https://www.gsmarena.com/oppo_find_x9s_pro-14592.php,2026-09-30 15:01:46.406505
Oppo,Oppo Find X9s,Mediatek Dimensity 9500s (3 nm),"256GB 12GB RAM, 512GB 12GB RAM",Si/C Li-Ion 7025 mAh,"2026, April 21",2026,https://www.gsmarena.com/oppo_find_x9s_5g-14617.php,2026-09-30 15:01:51.928404
Oppo,Oppo F33 Pro,Mediatek Dimensity 6360 Max (6 nm),"128GB 8GB RAM, 256GB 8GB RAM",Si/C Li-Ion 7000 mAh,"2026, April 15",2026,https://www.gsmarena.com/oppo_f33_pro_5g-14601.php,2026-09-30 15:02:07.368600
Oppo,Oppo F33,Mediatek Dimensity 6360 Max (6 nm),"128GB 6GB RAM, 128GB 8GB RAM, 256GB 8GB RAM",Si/C Li-Ion 7000 mAh,"2026, April 15",2026,https://www.gsmarena.com/oppo_f33_5g-14602.php,2026-09-30 15:02:11.440591
Oppo,Oppo A6s Pro (China),Mediatek Dimensity 6360 Max (6 nm),"128GB 8GB RAM, 256GB 8GB RAM, 256GB 12GB RAM, 512GB 12GB RAM",Si/C Li-Ion 7000 mAh,"2026, April 14",2026,https://www.gsmarena.com/oppo_a6s_pro_5g_(china)-14597.php,2026-09-30 15:02:17.245524
Oppo,Oppo A6c,Unisoc T7250 (12 nm),"64GB 4GB RAM, 128GB 4GB RAM",7000 mAh,"2026, April",2026,https://www.gsmarena.com/oppo_a6c-14418.php,2026-09-30 15:02:21.266518
Oppo,Oppo A6k,Mediatek Dimensity 6300 (6 nm),"256GB 4GB RAM, 256GB 8GB RAM, 256GB 12GB RAM, 512GB 8GB RAM",7000 mAh,"2026, April 7",2026,https://www.gsmarena.com/oppo_a6k-14588.php,2026-09-30 15:02:26.602496
Oppo,Oppo K15 Pro+,Mediatek Dimensity 9500s (3 nm),"256GB 12GB RAM, 512GB 12GB RAM",Si/C Li-Ion 8000 mAh,"2026, April 01",2026,https://www.gsmarena.com/oppo_k15_pro+_5g-14572.php,2026-09-30 15:02:30.309014
Oppo,Oppo K15 Pro,Mediatek Dimensity 8500 Super (4 nm),"256GB 12GB RAM, 512GB 12GB RAM",Si/C Li-Ion 7500 mAh,"2026, April 01",2026,https://www.gsmarena.com/oppo_k15_pro_5g-14573.php,2026-09-30 15:02:35.171333
Oppo,Oppo Find N6,Qualcomm SM8850-AC Snapdragon 8 Elite Gen 5 (3 nm),"256GB 12GB RAM, 512GB 16GB RAM, 1TB 16GB RAM",Si/C Li-Ion 6000 mAh,"2026, March 17",2026,https://www.gsmarena.com/oppo_find_n6_5g-14389.php,2026-09-30 15:02:39.739945
Oppo,Oppo K14,Mediatek Dimensity 6300 (6 nm),"128GB 6GB RAM, 256GB 6GB RAM, 256GB 8GB RAM",Si/C Li-Ion 7000 mAh,"2026, March 20",2026,https://www.gsmarena.com/oppo_k14_5g-14530.php,2026-09-30 19:14:12.971556
Oppo,Oppo A6s (India),Mediatek Dimensity 6300 (6 nm),"128GB 4GB RAM, 128GB 6GB RAM",6500 mAh,"2026, March 18",2026,https://www.gsmarena.com/oppo_a6s_5g_(india)-14546.php,2026-09-30 19:14:16.504924
Oppo,Oppo A6s Pro,Mediatek Helio G100 Max (6 nm),256GB 8GB RAM,Si/C Li-Ion 7000 mAh,"2026, February 24",2026,https://www.gsmarena.com/oppo_a6s_pro-14523.php,2026-09-30 19:14:20.075855
Oppo,Oppo K14x,Mediatek Dimensity 6300 (6 nm),"64GB 4GB RAM, 128GB 4GB RAM, 128GB 6GB RAM",6500 mAh,"2026, February 10",2026,https://www.gsmarena.com/oppo_k14x_5g-14458.php,2026-09-30 19:14:25.379611
Realme,Realme C100i (India),Unisoc T7250 (12 nm),"64GB 4GB RAM, 128GB 4GB RAM",6500 mAh,"2026, August 27",2026,https://www.gsmarena.com/realme_c100i_(india)-14900.php,2026-09-30 15:02:45.774629
Realme,Realme P4s,Mediatek Dimensity 7400 Ultra (4 nm),"128GB 8GB RAM, 256GB 8GB RAM, 256GB 12GB RAM",Si/C Li-Ion 8000 mAh,"2026, August 26",2026,https://www.gsmarena.com/realme_p4s_5g-14885.php,2026-09-30 15:02:49.466565
Realme,Realme 16x,Mediatek Dimensity 6300 (6 nm),"128GB 4GB RAM, 128GB 6GB RAM, 256GB 6GB RAM",Si/C Li-Ion 7000 mAh,"2026, August 12",2026,https://www.gsmarena.com/realme_16x_5g-14871.php,2026-09-30 15:02:53.307575
Realme,Realme Narzo 100x,Mediatek Dimensity 6300 (6 nm),"64GB 4GB RAM, 128GB 4GB RAM, 128GB 6GB RAM, 256GB 6GB RAM",Si/C Li-Ion 8000 mAh,"2026, July 15",2026,https://www.gsmarena.com/realme_narzo_100x_5g-14787.php,2026-09-30 15:02:58.112453
Realme,Realme P4x 4G,Unisoc T7250 (12 nm),"64GB 4GB RAM, 128GB 4GB RAM, 128GB 6GB RAM, 256GB 4GB RAM, 256GB 6GB RAM",8000 mAh,"2026, June 23",2026,https://www.gsmarena.com/realme_p4x-14744.php,2026-09-30 15:03:03.900132
Realme,Realme P4R,Mediatek Dimensity 6300 (6 nm),"128GB 4GB RAM, 128GB 6GB RAM, 256GB 6GB RAM",Si/C Li-Ion 8000 mAh,"2026, June 10",2026,https://www.gsmarena.com/realme_p4r_5g-14706.php,2026-09-30 15:03:07.821056
Realme,Realme 16T,Mediatek Dimensity 6300 (6 nm),"128GB 6GB RAM, 128GB 8GB RAM, 256GB 8GB RAM",Si/C Li-Ion 8000 mAh,"2026, May 22",2026,https://www.gsmarena.com/realme_16t_5g-14674.php,2026-09-30 15:03:17.147296
Realme,Realme C100x,Unisoc T7250 (12 nm),"64GB 4GB RAM, 128GB 4GB RAM, 128GB 6GB RAM, 256GB 4GB RAM, 256GB 6GB RAM",Si/C Li-Ion 8000 mAh or 7500 mAh,"2026, May 07",2026,https://www.gsmarena.com/realme_c100x-14628.php,2026-09-30 15:03:21.539723
Realme,Realme C100i,Unisoc T7250 (12 nm),"64GB 4GB RAM, 128GB 4GB RAM, 128GB 6GB RAM, 256GB 4GB RAM",Si/C Li-Ion 7000 mAh,"2026, April 30",2026,https://www.gsmarena.com/realme_c100i-14655.php,2026-09-30 15:03:27.003003
Realme,Realme Narzo 100 Lite,Mediatek Dimensity 6300 (6 nm),"64GB 4GB RAM, 128GB 4GB RAM, 128GB 6GB RAM",Si/C Li-Ion 7000 mAh,"2026, April 14",2026,https://www.gsmarena.com/realme_narzo_100_lite_5g-14593.php,2026-09-30 15:03:31.179068
Realme,Realme C100 4G,Mediatek Helio G92 Max,"128GB 6GB RAM, 128GB 8GB RAM, 256GB 8GB RAM",Si/C Li-Ion 8000 mAh,"2026, April 07",2026,https://www.gsmarena.com/realme_c100-14586.php,2026-09-30 15:03:36.979275
Realme,Realme C100,Mediatek Dimensity 6300 (6 nm),"128GB 4GB RAM, 128GB 6GB RAM, 256GB 4GB RAM",Si/C Li-Ion 7000 mAh,"2026, April 07",2026,https://www.gsmarena.com/realme_c100_5g-14585.php,2026-09-30 15:03:41.087911
Realme,Realme P4 Lite,Mediatek Dimensity 6300 (6 nm),"64GB 4GB RAM, 128GB 4GB RAM, 128GB 6GB RAM",Si/C Li-Ion 7000 mAh,"2026, March 19",2026,https://www.gsmarena.com/realme_p4_lite_5g-14545.php,2026-09-30 15:03:44.862625
Realme,Realme Note 80,Unisoc T7250 (12 nm),"64GB 4GB RAM, 128GB 4GB RAM",6300 mAh,"2026, March 10",2026,https://www.gsmarena.com/realme_note_80-14537.php,2026-09-30 15:03:48.899771
Realme,Realme C83,Mediatek Dimensity 6300 (6 nm),"64GB 4GB RAM, 128GB 4GB RAM, 128GB 6GB RAM",Si/C Li-Ion 7000 mAh,"2026, March 06",2026,https://www.gsmarena.com/realme_c83_5g-14532.php,2026-09-30 15:03:54.327215
Realme,Realme Narzo Power,Mediatek Dimensity 7400 Ultra (4 nm),"128GB 8GB RAM, 256GB 8GB RAM",Si/C Li-Ion 10001 mAh,"2026, March 05",2026,https://www.gsmarena.com/realme_narzo_power_5g-14515.php,2026-09-30 15:03:58.006221
Realme,Realme P4 Lite 4G,Unisoc T7250 (12 nm),"64GB 4GB RAM, 128GB 4GB RAM, 128GB 6GB RAM, 256GB 4GB RAM",6300 mAh,"2026, February 20",2026,https://www.gsmarena.com/realme_p4_lite-14490.php,2026-09-30 15:04:02.852406
Realme,Realme 16,Mediatek Dimensity 6400 Turbo (6 nm),"128GB 8GB RAM, 256GB 8GB RAM, 256GB 12GB RAM",Si/C Li-Ion 7000 mAh,"2025, January 29",2025,https://www.gsmarena.com/realme_16_5g-14419.php,2026-09-30 15:04:08.232637
Realme,Realme P4 Power,Mediatek Dimensity 7400 Ultra (4 nm),"128GB 8GB RAM, 256GB 8GB RAM, 256GB 12GB RAM",Si/C Li-Ion 10001 mAh,"2026, January 29",2026,https://www.gsmarena.com/realme_p4_power_5g-14451.php,2026-09-30 15:04:13.997013
Realme,Realme Neo8,Qualcomm SM8845 Snapdragon 8 Gen 5 (3 nm),"256GB 12GB RAM, 256GB 16GB RAM, 512GB 12GB RAM, 512GB 16GB RAM, 1TB 16GB RAM",Si/C Li-Ion 8000 mAh,"2026, January 22",2026,https://www.gsmarena.com/realme_neo8_5g-14408.php,2026-09-30 15:04:17.822592
Realme,Realme C85 4G,Qualcomm SM6225 Snapdragon 685 (6 nm),"128GB 6GB RAM, 128GB 8GB RAM, 256GB 8GB RAM",Si/C Li-Ion 7000 mAh,"2026, January 12",2026,https://www.gsmarena.com/realme_c85-14435.php,2026-09-30 15:04:23.150692
Realme,Realme 16 Pro+,Qualcomm SM7750-AB Snapdragon 7 Gen 4 (4 nm),"128GB 8GB RAM, 256GB 8GB RAM, 256GB 12GB RAM, 512GB 8GB RAM, 512GB 12GB RAM",Si/C Li-Ion 7000 mAh,"2026, January 06",2026,https://www.gsmarena.com/realme_16_pro+_5g-14363.php,2026-09-30 15:04:26.775258
Realme,Realme 16 Pro,Mediatek Dimensity 7300 Max (4 nm),"128GB 8GB RAM, 256GB 8GB RAM, 256GB 12GB RAM, 512GB 8GB RAM",Si/C Li-Ion 7000 mAh - version 1 6500 mAh - version 2,"2026, January 06",2026,https://www.gsmarena.com/realme_16_pro_5g-14400.php,2026-09-30 15:04:31.731899
Realme,Realme Narzo 90,Mediatek Dimensity 6400 Max (6 nm),"128GB 6GB RAM, 128GB 8GB RAM",Si/C Li-Ion 7000 mAh,"2025, December 16",2025,https://www.gsmarena.com/realme_narzo_90_5g-14345.php,2026-09-30 15:04:42.880127
Realme,Realme Narzo 90X,Mediatek Dimensity 6300 (6 nm),"128GB 4GB RAM, 128GB 6GB RAM, 128GB 8GB RAM",Si/C Li-Ion 7000 mAh,"2025, December 16",2025,https://www.gsmarena.com/realme_narzo_90x_5g-14346.php,2026-09-30 15:04:47.799056
Realme,Realme P3 Lite,Mediatek Dimensity 6300 (6 nm),"64GB 4GB RAM, 128GB 4GB RAM, 128GB 6GB RAM",Li-Po 6000 mAh,"2025, September 13",2025,https://www.gsmarena.com/realme_p3_lite_5g-14360.php,2026-09-30 15:04:51.393228
Realme,Realme P3 Lite 4G,Unisoc T7250 (12 nm),"64GB 4GB RAM, 128GB 4GB RAM, 128GB 6GB RAM, 128GB 8GB RAM, 256GB 8GB RAM",6300 mAh,"2025, September 30",2025,https://www.gsmarena.com/realme_p3_lite-14361.php,2026-09-30 15:04:56.551750
Realme,Realme P4x,Mediatek Dimensity 7400 Ultra (4 nm),"128GB 6GB RAM, 128GB 8GB RAM, 256GB 8GB RAM, 512GB 8GB RAM",Si/C Li-Ion 7000 mAh,"2025, December 04",2025,https://www.gsmarena.com/realme_p4x_5g-14329.php,2026-09-30 15:05:00.544673
Realme,Realme C85 Pro,Qualcomm SM6225 Snapdragon 685 (6 nm),"128GB 6GB RAM, 128GB 8GB RAM, 256GB 8GB RAM",Si/C Li-Ion 7000 mAh,"2025, November 02",2025,https://www.gsmarena.com/realme_c85_pro-14275.php,2026-09-30 19:14:30.909259
Realme,Realme C85,Mediatek Dimensity 6300 (6 nm),"128GB 4GB RAM, 128GB 6GB RAM, 128GB 8GB RAM, 256GB 8GB RAM",Si/C Li-Ion 7000 mAh,"2025, November 02",2025,https://www.gsmarena.com/realme_c85_5g-14274.php,2026-09-30 19:14:35.251847
Samsung,Samsung Galaxy A18 4G,Exynos 1610,"64GB 4GB RAM, 128GB 4GB RAM, 256GB 4GB RAM",5000 mAh,"2026, September 15",2026,https://www.gsmarena.com/samsung_galaxy_a18-14941.php,2026-09-30 15:05:05.962558
Samsung,Samsung Galaxy A08 4G,Mediatek Helio G99 (6 nm),"64GB 4GB RAM, 128GB 4GB RAM, 256GB 4GB RAM",6000 mAh,"2026, September 15",2026,https://www.gsmarena.com/samsung_galaxy_a08-14938.php,2026-09-30 15:05:11.259612
Samsung,Samsung Galaxy A07s,Mediatek Helio G99+ (6 nm),"64GB 4GB RAM, 128GB 4GB RAM, 128GB 6GB RAM",5000 mAh,"2026, September 07",2026,https://www.gsmarena.com/samsung_galaxy_a07s-14930.php,2026-09-30 15:05:15.670945
Samsung,Samsung Galaxy S26 FE,Exynos 2500 (3 nm),"128GB 8GB RAM, 256GB 8GB RAM, 512GB 8GB RAM",Li-Ion 4900 mAh,"2026, August 27",2026,https://www.gsmarena.com/samsung_galaxy_s26_fe_5g-14870.php,2026-09-30 15:05:20.069232
Samsung,Samsung Galaxy F70 Pro,Qualcomm SM6475-AB Snapdragon 6 Gen 3 (4 nm),"128GB 6GB RAM, 128GB 8GB RAM, 256GB 8GB RAM",6000 mAh,"2026, August 03",2026,https://www.gsmarena.com/samsung_galaxy_f70_pro_5g-14856.php,2026-09-30 15:05:25.332992
Samsung,Samsung Galaxy Z Fold8 Ultra,Qualcomm SM8850-1-AD Snapdragon 8 Elite Gen 5 (3 nm),"256GB 12GB RAM, 512GB 12GB RAM, 512GB 16GB RAM, 1TB 16GB RAM",Si/C Li-Ion 5000 mAh,"2026, July 22",2026,https://www.gsmarena.com/samsung_galaxy_z_fold8_ultra_5g-14802.php,2026-09-30 15:05:30.896623
Samsung,Samsung Galaxy Z Fold8,Qualcomm SM8850-1-AD Snapdragon 8 Elite Gen 5 (3 nm),"256GB 12GB RAM, 512GB 12GB RAM, 1TB 12GB RAM, 1TB 16GB RAM",Si/C Li-Ion 4800 mAh,"2026, July 22",2026,https://www.gsmarena.com/samsung_galaxy_z_fold_wide_5g-14673.php,2026-09-30 15:05:36.584775
Samsung,Samsung Galaxy Z Flip8,Qualcomm SM8850-1-AD Snapdragon 8 Elite Gen 5 (3 nm) - US/CA/CN Exynos 2600 (2 nm) - ROW,"256GB 12GB RAM, 512GB 12GB RAM",Si/C Li-Ion 4300 mAh,"2026, July 22",2026,https://www.gsmarena.com/samsung_galaxy_z_flip8_5g-14803.php,2026-09-30 15:05:41.040381
Samsung,Samsung Galaxy Watch9,Snapdragon SW6100 Wear Elite (3 nm),32GB 2GB RAM,Li-Ion 445 mAh,"2026, July 22",2026,https://www.gsmarena.com/samsung_galaxy_watch9-14813.php,2026-09-30 15:05:48.605248
Samsung,Samsung Galaxy M47,Qualcomm SM6475-AB Snapdragon 6 Gen 3 (4 nm),"128GB 6GB RAM, 128GB 8GB RAM, 256GB 8GB RAM",6000 mAh,"2026, June 29",2026,https://www.gsmarena.com/samsung_galaxy_m47_5g-14749.php,2026-09-30 15:05:53.383573
Samsung,Samsung Galaxy A27,Qualcomm SM6475-AB Snapdragon 6 Gen 3 (4 nm),"128GB 6GB RAM, 128GB 8GB RAM, 256GB 8GB RAM",5000 mAh,"2026, June 10",2026,https://www.gsmarena.com/samsung_galaxy_a27_5g-14606.php,2026-09-30 15:05:58.275446
Samsung,Samsung Galaxy A57,Exynos 1680 (4 nm),"128GB 8GB RAM, 256GB 8GB RAM, 256GB 12GB RAM, 512GB 12GB RAM",5000 mAh,"2026, March 25",2026,https://www.gsmarena.com/samsung_galaxy_a57_5g-14379.php,2026-09-30 15:06:02.065166
Samsung,Samsung Galaxy A37,Exynos 1480 (4 nm),"128GB 6GB RAM, 128GB 8GB RAM, 256GB 8GB RAM, 256GB 12GB RAM",5000 mAh,"2026, March 25",2026,https://www.gsmarena.com/samsung_galaxy_a37_5g-14378.php,2026-09-30 15:06:06.817955
Samsung,Samsung Galaxy M17e,Mediatek Dimensity 6300 (6 nm),"128GB 4GB RAM, 128GB 6GB RAM",Li-Ion 6000 mAh,"2026, March 17",2026,https://www.gsmarena.com/samsung_galaxy_m17e_5g-14534.php,2026-09-30 15:06:10.234754
Samsung,Samsung Galaxy S26 Ultra,Qualcomm SM8850-1-AD Snapdragon 8 Elite Gen 5 (3 nm),"256GB 12GB RAM, 512GB 12GB RAM, 1TB 16GB RAM",Li-Ion 5000 mAh,"2026, February 25",2026,https://www.gsmarena.com/samsung_galaxy_s26_ultra_5g-14320.php,2026-09-30 15:06:14.041827
Samsung,Samsung Galaxy S26+,Qualcomm SM8850-1-AD Snapdragon 8 Elite Gen 5 (3 nm) - US/CA/CN Exynos 2600 (2 nm) - ROW,"256GB 12GB RAM, 512GB 12GB RAM",Li-Ion 4900 mAh,"2026, February 25",2026,https://www.gsmarena.com/samsung_galaxy_s26+_5g-14457.php,2026-09-30 15:06:19.014070
Samsung,Samsung Galaxy S26,Qualcomm SM8850-1-AD Snapdragon 8 Elite Gen 5 (3 nm) - US/CA/CN Exynos 2600 (2 nm) - ROW,"128GB 12GB RAM, 256GB 12GB RAM, 512GB 12GB RAM",Li-Ion 4300 mAh,"2026, February 25",2026,https://www.gsmarena.com/samsung_galaxy_s26_5g-14456.php,2026-09-30 15:06:24.219343
Samsung,Samsung Galaxy F70e,Mediatek Dimensity 6300 (6 nm),"128GB 4GB RAM, 128GB 6GB RAM",Li-Ion 6000 mAh,"2026, February 09",2026,https://www.gsmarena.com/samsung_galaxy_f70e_5g-14459.php,2026-09-30 15:06:28.554429
Samsung,Samsung Galaxy A07,Mediatek Dimensity 6300 (6 nm),"64GB 4GB RAM, 128GB 4GB RAM, 128GB 6GB RAM",Li-Ion 6000 mAh,"2026, January 13",2026,https://www.gsmarena.com/samsung_galaxy_a07_5g-14409.php,2026-09-30 15:06:33.948870
Samsung,Samsung Galaxy Z TriFold,Qualcomm SM8750-AC Snapdragon 8 Elite (3 nm),"512GB 16GB RAM, 1TB 16GB RAM",Li-Ion 5600 mAh,"2025, December 02. Released 2025, December 12",2025,https://www.gsmarena.com/samsung_galaxy_z_trifold_5g-14292.php,2026-09-30 15:06:37.935792
Samsung,Samsung Galaxy M17,Exynos 1330 (5 nm),"128GB 4GB RAM, 128GB 6GB RAM, 128GB 8GB RAM",5000 mAh,"2025, October 10",2025,https://www.gsmarena.com/samsung_galaxy_m17_5g-14221.php,2026-09-30 15:06:42.380030
Samsung,Samsung Galaxy F07,Mediatek Helio G99 (6 nm),64GB 4GB RAM,5000 mAh,"2025, October 04",2025,https://www.gsmarena.com/samsung_galaxy_f07-14205.php,2026-09-30 15:06:47.509609
Samsung,Samsung Galaxy M07,Mediatek Helio G99 (6 nm),64GB 4GB RAM,5000 mAh,"2025, October 01",2025,https://www.gsmarena.com/samsung_galaxy_m07-14100.php,2026-09-30 15:06:51.550180
Samsung,Samsung Galaxy A17 4G,Mediatek Helio G99 (6 nm),"128GB 4GB RAM, 128GB 6GB RAM, 128GB 8GB RAM, 256GB 4GB RAM, 256GB 8GB RAM",5000 mAh,"2025, September 18",2025,https://www.gsmarena.com/samsung_galaxy_a17-14157.php,2026-09-30 15:06:55.975864
Samsung,Samsung Galaxy F17,Exynos 1330 (5 nm),"128GB 4GB RAM, 128GB 6GB RAM, 128GB 8GB RAM",Li-Ion 5000 mAh,"2025, September 11",2025,https://www.gsmarena.com/samsung_galaxy_f17_5g-14107.php,2026-09-30 15:07:08.265541
Samsung,Samsung Galaxy S25 FE,Exynos 2400 (4 nm),"128GB 8GB RAM, 256GB 8GB RAM, 512GB 8GB RAM",4900 mAh,"2025, September 04",2025,https://www.gsmarena.com/samsung_galaxy_s25_fe_5g-14042.php,2026-09-30 15:07:12.284982
Samsung,Samsung Galaxy A07 4G,Mediatek Helio G99 (6 nm),"64GB 4GB RAM, 128GB 4GB RAM, 128GB 6GB RAM, 256GB 8GB RAM",5000 mAh,"2025, August 25",2025,https://www.gsmarena.com/samsung_galaxy_a07-14066.php,2026-09-30 19:14:40.543586
Samsung,Samsung Galaxy A17,Exynos 1330 (5 nm),"128GB 4GB RAM, 128GB 6GB RAM, 128GB 8GB RAM, 256GB 4GB RAM, 256GB 8GB RAM",5000 mAh,"2025, August 06",2025,https://www.gsmarena.com/samsung_galaxy_a17_5g-14041.php,2026-09-30 19:14:44.966852
Samsung,Samsung Galaxy F36,Exynos 1380 (5 nm),"128GB 6GB RAM, 128GB 8GB RAM, 256GB 8GB RAM",5000 mAh,"2025, July 21",2025,https://www.gsmarena.com/samsung_galaxy_f36_5g-14009.php,2026-09-30 19:14:49.981600
Samsung,Samsung Galaxy Z Fold7,Qualcomm SM8750-AC Snapdragon 8 Elite (3 nm),"256GB 12GB RAM, 512GB 12GB RAM, 1TB 12GB RAM, 1TB 16GB RAM",Li-Po 4400 mAh,"2025, July 09",2025,https://www.gsmarena.com/samsung_galaxy_z_fold7-13826.php,2026-09-30 19:14:54.111607
Tecno,Tecno Camon Air,Mediatek Helio G200 Ultimate (6 nm),"128GB 8GB RAM, 256GB 8GB RAM",6000 mAh,"2026, September 02",2026,https://www.gsmarena.com/tecno_camon_air-14919.php,2026-09-30 15:07:22.524359
Tecno,Tecno Camon Slim,Mediatek Dimensity 7300e (6 nm),256GB 8GB RAM,6000 mAh,"2026, September 02",2026,https://www.gsmarena.com/tecno_camon_slim_5g-14918.php,2026-09-30 15:07:27.384301
Tecno,Tecno Spark Go 3 Pro,Unisoc T7250 (12 nm),"64GB 4GB RAM, 128GB 4GB RAM",Li-Po 5200 mAh,"2026, August 28",2026,https://www.gsmarena.com/tecno_spark_go_3_pro-14905.php,2026-09-30 15:07:31.821594
Tecno,Tecno Pova 8 Pro,Mediatek Dimensity 7400 Ultimate (4 nm),"256GB 8GB RAM, 256GB 12GB RAM, 512GB 12GB RAM",6500 mAh,"2026, August 13",2026,https://www.gsmarena.com/tecno_pova_8_pro_5g-14875.php,2026-09-30 15:07:36.723097
Tecno,Tecno Camon Slim 4G,Mediatek Helio G200 Ultimate (6 nm),"128GB 8GB RAM, 256GB 8GB RAM",5600 mAh,"2026, June 23",2026,https://www.gsmarena.com/tecno_camon_slim-14745.php,2026-09-30 15:07:40.255326
Tecno,Tecno Spark 50 Pro,Mediatek Helio G100 Ultimate (6 nm),"128GB 4GB RAM, 128GB 6GB RAM, 128GB 8GB RAM, 256GB 6GB RAM",6000 mAh or 5600 mAh,"2026, June 15",2026,https://www.gsmarena.com/tecno_spark_50_pro-14728.php,2026-09-30 15:07:45.901487
Tecno,Tecno Pova 8,Mediatek Dimensity 7100 (6 nm),"128GB 6GB RAM, 128GB 8GB RAM, 256GB 8GB RAM",8000 mAh,"2026, June 11",2026,https://www.gsmarena.com/tecno_pova_8_5g-14714.php,2026-09-30 15:07:50.070762
Tecno,Tecno Pop X,Mediatek Dimensity 6400 (6 nm),"128GB 4GB RAM, 128GB 6GB RAM",6500 mAh,"2026, April 20",2026,https://www.gsmarena.com/tecno_pop_x_5g-14608.php,2026-09-30 15:07:55.484972
Tecno,Tecno Pop X 4G,Unisoc T7250 (12 nm),64GB 4GB RAM,Li-Po 5000 mAh,"2026, March 04",2026,https://www.gsmarena.com/tecno_pop_x-14665.php,2026-09-30 15:08:00.332746
Tecno,Tecno Spark 50 4G,MediaTek Helio G81,"128GB 4GB RAM, 128GB 6GB RAM, 128GB 8GB RAM, 256GB 4GB RAM, 256GB 8GB RAM",7000 mAh,"2026, April 14",2026,https://www.gsmarena.com/tecno_spark_50_4g-14596.php,2026-09-30 15:08:04.952609
Tecno,Tecno Spark 50,Mediatek Dimensity 6400 (6 nm),"128GB 4GB RAM, 128GB 6GB RAM, 256GB 8GB RAM",6500 mAh,"2026, March 27",2026,https://www.gsmarena.com/tecno_spark_50_5g-14566.php,2026-09-30 15:08:08.802517
Tecno,Tecno Camon 50 Ultra,Mediatek Dimensity 7400 Ultimate (4 nm),"256GB 8GB RAM, 256GB 12GB RAM, 512GB 8GB RAM, 512GB 12GB RAM",6160 mAh or 6500 mAh,"2026, March 02",2026,https://www.gsmarena.com/tecno_camon_50_ultra_5g-14519.php,2026-09-30 15:08:13.285811
Tecno,Tecno Camon 50 Pro,Mediatek Dimensity 7400 Ultimate (4 nm),"256GB 8GB RAM, 256GB 12GB RAM, 512GB 12GB RAM",6500 mAh,"2026, March 10",2026,https://www.gsmarena.com/tecno_camon_50_pro_5g-14538.php,2026-09-30 15:08:18.824739
Tecno,Tecno Camon 50 Pro 4G,Mediatek Helio G200 Ultimate (6 nm),256GB 8GB RAM,6150 mAh,"2026, February 17",2026,https://www.gsmarena.com/tecno_camon_50_pro-14500.php,2026-09-30 15:08:23.350702
Tecno,Tecno Camon 50 4G,Mediatek Helio G200 Ultimate (6 nm),"128GB 8GB RAM, 256GB 8GB RAM, 256GB 12GB RAM",6150 mAh,"2026, February 17",2026,https://www.gsmarena.com/tecno_camon_50-14501.php,2026-09-30 15:08:27.530398
Tecno,Tecno Pova Curve 2,Mediatek Dimensity 7100 (6 nm),"128GB 8GB RAM, 256GB 8GB RAM, 256GB 12GB RAM",8000 mAh,"2026, February 13",2026,https://www.gsmarena.com/tecno_pova_curve_2_5g-14384.php,2026-09-30 15:08:31.317674
Tecno,Tecno Spark Go 3,Unisoc T7250 (12 nm),"64GB 4GB RAM, 128GB 4GB RAM",Li-Po 5000 mAh,"2026, January 16",2026,https://www.gsmarena.com/tecno_spark_go_3-14420.php,2026-09-30 15:08:36.337174
Tecno,Tecno Megapad SE,Qualcomm SM6225 Snapdragon 685 (6 nm),"128GB 4GB RAM, 128GB 8GB RAM, 256GB 8GB RAM",8000 mAh,"2026, January",2026,https://www.gsmarena.com/tecno_megapad_se-14488.php,2026-09-30 15:08:41.888272
Tecno,Tecno Megapad Pro,,"128GB 8GB RAM, 256GB 8GB RAM",10000 mAh,"2025, September 03",2025,https://www.gsmarena.com/tecno_megapad_pro-14244.php,2026-09-30 15:08:45.598579
Tecno,Tecno Pova Slim,Mediatek Dimensity 6400 (6 nm),"128GB 8GB RAM, 256GB 8GB RAM",5160 mAh,"2025, September 02",2025,https://www.gsmarena.com/tecno_pova_slim_5g-14111.php,2026-09-30 15:08:49.678027
Tecno,Tecno Spark Slim,Mediatek Helio G200 (6 nm),256GB 8GB RAM,5160 mAh,"2025, September 02",2025,https://www.gsmarena.com/tecno_spark_slim-14112.php,2026-09-30 15:08:54.907727
Tecno,Tecno Spark 40,Mediatek Dimensity 6400 (6 nm),"128GB 4GB RAM, 256GB 8GB RAM",Li-Po 6000 mAh,"2025, August",2025,https://www.gsmarena.com/tecno_spark_40_5g-14568.php,2026-09-30 15:08:58.839528
Tecno,Tecno Spark Go,Mediatek Dimensity 6400 (6 nm),"128GB 4GB RAM, 256GB 8GB RAM",Li-Po 6000 mAh,"2025, August 14",2025,https://www.gsmarena.com/tecno_spark_go_5g-14074.php,2026-09-30 15:09:03.652620
Tecno,Tecno Spark 40C,Mediatek Helio G81 (12 nm),"128GB 4GB RAM, 128GB 8GB RAM, 256GB 8GB RAM",6000 mAh,"2025, July 19",2025,https://www.gsmarena.com/tecno_spark_40c-14052.php,2026-09-30 15:09:08.815323
Tecno,Tecno Pova 7 Pro,Mediatek Dimensity 7300 Ultimate (4 nm),"128GB 8GB RAM, 256GB 8GB RAM, 256GB 12GB RAM",Li-Po 6000 mAh,"2025, July 04",2025,https://www.gsmarena.com/tecno_pova_7_pro_5g-13990.php,2026-09-30 15:09:14.466126
Tecno,Tecno Pova 7,Mediatek Dimensity 7300 Ultimate (4 nm),"128GB 8GB RAM, 256GB 8GB RAM",Li-Po 6000 mAh,"2025, July 04",2025,https://www.gsmarena.com/tecno_pova_7_5g-13991.php,2026-09-30 15:09:18.836819
Tecno,Tecno Spark 40 Pro+,Mediatek Helio G200 (6 nm),"128GB 8GB RAM, 256GB 8GB RAM",5200 mAh,"2025, July 02",2025,https://www.gsmarena.com/tecno_spark_40_pro+-13986.php,2026-09-30 15:09:24.179624
Tecno,Tecno Spark 40 Pro,Mediatek Helio G100 Ultimate (6 nm),"128GB 8GB RAM, 256GB 8GB RAM",5200 mAh,"2025, July 02",2025,https://www.gsmarena.com/tecno_spark_40_pro-13985.php,2026-09-30 15:09:29.806906
Tecno,Tecno Spark 40 4G,Mediatek Helio G81 (12 nm) Mediatek Helio G91 (12 nm) - NFC model,"128GB 4GB RAM, 128GB 6GB RAM, 256GB 4GB RAM, 256GB 8GB RAM",5200 mAh,"2025, July 02",2025,https://www.gsmarena.com/tecno_spark_40_4g-13984.php,2026-09-30 19:14:59.945878
Tecno,Tecno Pova 7 Ultra,Mediatek Dimensity 8350 Ultimate (4 nm),"256GB 8GB RAM, 256GB 12GB RAM",6000 mAh,"2025, June 20",2025,https://www.gsmarena.com/tecno_pova_7_ultra_5g-13976.php,2026-09-30 19:15:05.300809
Vivo,vivo iQOO 16,Qualcomm SM8975 Snapdragon 8 Elite Extreme Gen 6 (2 nm),"256GB 12GB RAM, 512GB 12GB RAM, 512GB 16GB RAM, 1TB 16GB RAM",Si/C Li-Ion 8400 mAh,"2026, September 29",2026,https://www.gsmarena.com/vivo_iqoo_16_5g-14976.php,2026-09-30 19:15:10.291011
Vivo,vivo Y600i,Qualcomm SM4450 Snapdragon 4 Gen 2 (4 nm),"128GB 6GB RAM, 256GB 6GB RAM",Si/C Li-Ion 8000 mAh,"2026, September 25",2026,https://www.gsmarena.com/vivo_y600i_5g-14964.php,2026-09-30 19:15:15.613782
Vivo,vivo X500 Pro Max,Mediatek Dimensity 9600 Pro (2 nm),"256GB 12GB RAM, 512GB 12GB RAM, 512GB 16GB RAM, 1TB 12GB RAM, 1TB 16GB RAM",Si/C Li-Ion 8000 mAh,"2026, September 21",2026,https://www.gsmarena.com/vivo_x500_pro_max_5g-14782.php,2026-09-30 19:15:20.968739
Vivo,vivo X500 Pro,Mediatek Dimensity 9600 Pro (2 nm),"256GB 12GB RAM, 512GB 12GB RAM, 1TB 12GB RAM",Si/C Li-Ion 6510 mAh,"2026, September 21",2026,https://www.gsmarena.com/vivo_x500_pro_5g-14950.php,2026-09-30 19:15:26.114676
Vivo,vivo X500,Mediatek Dimensity 9600M (3 nm),"256GB 12GB RAM, 512GB 12GB RAM, 1TB 12GB RAM",Si/C Li-Ion 7500 mAh,"2026, September 21",2026,https://www.gsmarena.com/vivo_x500_5g-14951.php,2026-09-30 19:15:29.673284
Vivo,vivo V80 Lite,Mediatek Dimensity 7300e (6 nm),"128GB 6GB RAM, 256GB 6GB RAM, 256GB 8GB RAM",Si/C Li-Ion 10000 mAh,"2026, September 03",2026,https://www.gsmarena.com/vivo_v80_lite_5g-14892.php,2026-09-30 19:15:35.024121
Vivo,vivo T5,Mediatek Dimensity 7500 Turbo (4 nm),"128GB 6GB RAM, 128GB 8GB RAM, 256GB 8GB RAM, 256GB 12GB RAM",Li-Ion 7050 mAh,"2026, September 02",2026,https://www.gsmarena.com/vivo_t5_5g-14899.php,2026-09-30 19:15:39.330133
Vivo,vivo V80 Lite (IN/PK),Mediatek Dimensity 7360 Turbo (4 nm),"128GB 8GB RAM, 256GB 8GB RAM",Li-Ion 7050 mAh,"2026, August 26",2026,https://www.gsmarena.com/vivo_v80_lite_5g_(india)-14863.php,2026-09-30 19:15:43.410752
Vivo,vivo V70 Lite 4G,Unisoc T7300 (6 nm),"128GB 8GB RAM,  256GB 8GB RAM",Si/C Li-Ion 8100 mAh,"2026, August 22",2026,https://www.gsmarena.com/vivo_v70_lite-14898.php,2026-09-30 19:15:47.056463
Vivo,vivo iQOO Z11 (India),Mediatek Dimensity 7500 Turbo (4 nm),"128GB 6GB RAM, 128GB 8GB RAM, 256GB 8GB RAM, 256GB 12GB RAM",Li-Ion 7050 mAh,"2026, August 20",2026,https://www.gsmarena.com/vivo_iqoo_z11_5g_(india)-14886.php,2026-09-30 19:15:52.018735
Vivo,vivo Y31t,Qualcomm SM4450 Snapdragon 4 Gen 2 (4 nm),"128GB 4GB RAM, 128GB 6GB RAM, 256GB 6GB RAM",Si/C Li-Ion 7200 mAh,"2026, August 19",2026,https://www.gsmarena.com/vivo_y31t_5g-14884.php,2026-09-30 19:15:57.074652
Vivo,vivo iQOO Neo11 Ultra,MediaTek Dimensity 9500M (3 nm),"256GB 12GB RAM, 256GB 16GB RAM, 512GB 12GB RAM, 512GB 16GB RAM",Si/C Li-Ion 9100 mAh,"2026, August 18",2026,https://www.gsmarena.com/vivo_iqoo_neo11_ultra_5g-14878.php,2026-09-30 19:16:02.883831
Vivo,vivo iQOO Z11S,Mediatek Dimensity 7500 (4 nm),"128GB 8GB RAM, 256GB 8GB RAM, 256GB 12GB RAM, 512GB 12GB RAM",Si/C Li-Ion 10000 mAh,"2026, August 18",2026,https://www.gsmarena.com/vivo_iqoo_z11s_5g_(china)-14880.php,2026-09-30 19:16:06.881343
Vivo,vivo S2,Mediatek Dimensity 7360 Turbo (4 nm),"128GB 8GB RAM, 256GB 8GB RAM",Li-Ion 7050 mAh,"2026, August 06",2026,https://www.gsmarena.com/vivo_s2_5g-14839.php,2026-09-30 19:16:12.712664
Vivo,vivo T5e,Unisoc T7225 (12 nm),64GB 4GB RAM,Li-Ion 5500 mAh,"2026, July 28",2026,https://www.gsmarena.com/vivo_t5e-14829.php,2026-09-30 19:16:18.292689
Vivo,vivo X300 E,Qualcomm SM8845 Snapdragon 8 Gen 5 (3 nm),"256GB 12GB RAM, 512GB 12GB RAM",Si/C Li-Ion 7200 mAh,"2026, July 27",2026,https://www.gsmarena.com/vivo_x300_e_5g-14826.php,2026-09-30 19:16:22.297774
Vivo,vivo Y11d,Unisoc T7225 (12 nm),"64GB 4GB RAM, 128GB 4GB RAM, 128GB 6GB RAM",6500 mAh,"2026, June",2026,https://www.gsmarena.com/vivo_y11d-14945.php,2026-09-30 19:16:26.076396
Vivo,vivo iQOO Z11 Lite 44W,Mediatek Dimensity 6300 (6 nm),"128GB 4GB RAM, 128GB 6GB RAM, 256GB 6GB RAM",Li-Ion 6500 mAh,"2026, July 24",2026,https://www.gsmarena.com/vivo_iqoo_z11_lite_5g-14809.php,2026-09-30 19:16:30.060334
Vivo,vivo T5 Lite,Mediatek Dimensity 6300 (6 nm),"128GB 4GB RAM, 128GB 6GB RAM, 256GB 6GB RAM",Si/C Li-Ion 6500 mAh,"2026, July 16",2026,https://www.gsmarena.com/vivo_t5_lite_5g-14734.php,2026-09-30 19:16:36.007211
Vivo,vivo Y500,Unisoc T7300 (6 nm),"128GB 8GB RAM,  256GB 8GB RAM",Si/C Li-Ion 8100 mAh,"2026, July 07",2026,https://www.gsmarena.com/vivo_y500-14780.php,2026-09-30 19:16:41.721778
Vivo,vivo iQOO Z11i,Qualcomm SM4450 Snapdragon 4 Gen 2 (4 nm),"128GB 6GB RAM, 128GB 8GB RAM, 256GB 8GB RAM",6500 mAh,"2026, April 06",2026,https://www.gsmarena.com/vivo_iqoo_z11i_5g-14771.php,2026-09-30 19:16:45.412781
Vivo,vivo X Fold6,Mediatek Dimensity 9500 Super (3 nm),"256GB 12GB RAM, 512GB 12GB RAM, 512GB 16GB RAM, 1TB 16GB RAM",Si/C Li-Ion 7000 mAh,"2026, June 26",2026,https://www.gsmarena.com/vivo_x_fold6_5g-14748.php,2026-09-30 19:16:49.803094
Vivo,vivo IQOO Pad5c,Qualcomm SM8635 Snapdragon 8s Gen 3 (4 nm),"128GB 8GB RAM, 256GB 8GB RAM, 256GB 12GB RAM",10000 mAh,"2026, June 01",2026,https://www.gsmarena.com/vivo_iqoo_pad5c-14763.php,2026-09-30 19:16:54.967818
Vivo,vivo V70 Lite,Mediatek Dimensity 7400 Turbo (4 nm),"256GB 8GB RAM, 256GB 12GB RAM",Si/C Li-Ion 6500 mAh,"2026, June 05",2026,https://www.gsmarena.com/vivo_v70_lite_5g-14710.php,2026-09-30 19:17:00.786792
Vivo,vivo S60,Qualcomm SM8635 Snapdragon 8s Gen 3 (4 nm),"256GB 12GB RAM, 256GB 16GB RAM, 512GB 12GB RAM, 512GB 16GB RAM",Si/C Li-Ion 7200 mAh,"2026, May 29",2026,https://www.gsmarena.com/vivo_s60_5g-14692.php,2026-09-30 19:17:06.109999
Vivo,vivo S60e,Mediatek Dimensity 7500 (4 nm),"256GB 8GB RAM, 256GB 12GB RAM, 512GB 12GB RAM",Si/C Li-Ion 7200 mAh,"2026, May 29",2026,https://www.gsmarena.com/vivo_s60_vitality_5g-14693.php,2026-09-30 19:17:10.697504
Vivo,vivo T5 4G,Qualcomm Snapdragon 6s 4G Gen 2 (6 nm),"128GB 6GB RAM, 128GB 8GB RAM,  256GB 6GB RAM, 256GB 8GB RAM",Si/C Li-Ion 7200 mAh,"2026, May 29",2026,https://www.gsmarena.com/vivo_t5-14697.php,2026-09-30 19:17:15.656184
Vivo,vivo Y600 Turbo,Qualcomm SM7635-AC Snapdragon 7s Gen 4 (4 nm),"256GB 8GB RAM, 256GB 12GB RAM, 512GB 12GB RAM",Si/C Li-Ion 9020 mAh,"2026, May 25",2026,https://www.gsmarena.com/vivo_y600_turbo_5g-14687.php,2026-09-30 19:17:20.513875
Vivo,vivo iQOO 15T,MediaTek Dimensity 9500 Monster (3 nm),"256GB 12GB RAM, 256GB 16GB RAM, 512GB 12GB RAM, 512GB 16GB RAM, 1TB 16GB RAM",Si/C Li-Ion 8000 mAh,"2026, May 20",2026,https://www.gsmarena.com/vivo_iqoo_15t_5g-14661.php,2026-09-30 19:17:24.173092
Vivo,vivo iQOO Pad6 Pro,Qualcomm SM8850-AC Snapdragon 8 Elite Gen 5 (3 nm),"256GB 8GB RAM, 256GB 12GB RAM, 512GB 12GB RAM, 512GB 16GB RAM",13000 mAh,"2026, May 20",2026,https://www.gsmarena.com/vivo_iqoo_pad6_pro-14679.php,2026-09-30 19:17:29.340235
Xiaomi,Xiaomi 18 Pro Max,Qualcomm SM8975 Snapdragon 8 Elite Extreme Gen 6 (2 nm),"256GB 12GB RAM, 512GB 12GB RAM, 512GB 16GB RAM, 1TB 16GB RAM",Si/C Li-Ion 8500 mAh,"2026, September 23",2026,https://www.gsmarena.com/xiaomi_18_pro_max_5g-14958.php,2026-09-30 19:17:35.078012
Xiaomi,Xiaomi 18 Pro,Qualcomm Snapdragon 8 Elite Gen 6 (2 nm),"256GB 12GB RAM, 512GB 12GB RAM, 512GB 16GB RAM, 1TB 16GB RAM",Si/C Li-Ion 7000 mAh,"2026, September 23",2026,https://www.gsmarena.com/xiaomi_18_pro_5g-14959.php,2026-09-30 19:17:40.713892
Xiaomi,Xiaomi Poco C95 Pro,Mediatek Helio G91 Ultra (12 nm),"128GB 6GB RAM, 256GB 8GB RAM",Si/C Li-Ion 7500 mAh,"2026, September",2026,https://www.gsmarena.com/xiaomi_poco_c95_pro-14933.php,2026-09-30 19:17:44.064714
Xiaomi,Xiaomi 18 Fold,XRing O3 (3 nm),"256GB 12GB RAM, 512GB 12GB RAM, 512GB 16GB RAM, 1TB 16GB RAM",Si/C Li-Ion 6000 mAh,"2026, September 07",2026,https://www.gsmarena.com/xiaomi_18_fold_5g-14931.php,2026-09-30 19:17:48.622643
Xiaomi,Xiaomi Poco X8 Power,Qualcomm SM6850 Snapdragon 6 Gen 5 (4 nm),"128GB 8GB RAM, 256GB 8GB RAM",Si/C Li-Ion 10000 mAh,"2026, September 04",2026,https://www.gsmarena.com/xiaomi_poco_x8_power_5g-14912.php,2026-09-30 19:17:54.171786
Xiaomi,Xiaomi Poco X8,Qualcomm SM6435-AA Snapdragon 6s Gen 4 (4 nm),"128GB 6GB RAM, 128GB 8GB RAM, 256GB 8GB RAM, 256GB 12GB RAM",Si/C Li-Ion 8340 mAh - version 1 Si/C Li-Ion 9000 mAh - version 2,"2026, September 01",2026,https://www.gsmarena.com/xiaomi_poco_x8_5g-14911.php,2026-09-30 19:17:58.279191
Xiaomi,Xiaomi Poco F9 Ultra,Qualcomm SM8850-AC Snapdragon 8 Elite Gen 5 (3 nm),"256GB 12GB RAM, 512GB 16GB RAM, 1TB 16GB RAM",Si/C Li-Ion 8050 mAh,"2026, September 01",2026,https://www.gsmarena.com/xiaomi_poco_f9_ultra_5g-14876.php,2026-09-30 19:18:03.429423
Xiaomi,Xiaomi Poco F9 Pro,Qualcomm SM8850-1-AB Snapdragon 8 Elite Gen 5 V Series (3 nm),"256GB 12GB RAM, 512GB 12GB RAM",Si/C Li-Ion 6330 mAh,"2026, September 01",2026,https://www.gsmarena.com/xiaomi_poco_f9_pro_5g-14877.php,2026-09-30 19:18:07.740551
Xiaomi,Xiaomi Redmi Note 17 Pro Max,Qualcomm SM6850 Snapdragon 6 Gen 5 (4 nm),"128GB 8GB RAM, 256GB 8GB RAM, 256GB 12GB RAM, 512GB 8GB RAM",Si/C Li-Ion 9210 mAh - version 1 Si/C Li-Ion 10000 mAh - version 2,"2026, August 27",2026,https://www.gsmarena.com/xiaomi_redmi_note_17_pro_max_5g-14845.php,2026-09-30 19:18:12.169011
Xiaomi,Xiaomi Redmi Note 17 Pro,Qualcomm SM6435-AA Snapdragon 6s Gen 4 (4 nm),"128GB 6GB RAM, 128GB 8GB RAM, 256GB 6GB RAM, 256GB 8GB RAM, 256GB 12GB RAM, 512GB 8GB RAM",Si/C Li-Ion 8340 mAh - version 1 Si/C Li-Ion 9000 mAh - version 2,"2026, August 27",2026,https://www.gsmarena.com/xiaomi_redmi_note_17_pro_5g-14844.php,2026-09-30 19:18:17.294956
Xiaomi,Xiaomi Redmi Note 17,Qualcomm SM4450-AF Snapdragon 4 Gen 4 (4 nm),"128GB 6GB RAM, 256GB 6GB RAM, 256GB 8GB RAM",Si/C Li-Ion 7700 mAh,"2026, August 27",2026,https://www.gsmarena.com/xiaomi_redmi_note_17_5g-14846.php,2026-09-30 19:18:21.937980
Xiaomi,Xiaomi Redmi Note 17 4G,Qualcomm SM6225-AF Snapdragon 6s 4G Gen 2 (6 nm),"128GB 4GB RAM, 128GB 6GB RAM, 256GB 4GB RAM, 256GB 6GB RAM, 256GB 8GB RAM",Si/C Li-Ion 7700 mAh,"2026, August 27",2026,https://www.gsmarena.com/xiaomi_redmi_note_17-14847.php,2026-09-30 19:18:27.307671
Xiaomi,Xiaomi Redmi 17C,Mediatek Dimensity 6300 (6 nm),"64GB 4GB RAM, 128GB 4GB RAM",6000 mAh,"2026, August 25",2026,https://www.gsmarena.com/xiaomi_redmi_17c_5g-14866.php,2026-09-30 19:18:32.700696
Xiaomi,Xiaomi Poco M8x,Qualcomm Snapdragon 4 Gen 5 (4 nm),"128GB 4GB RAM, 128GB 6GB RAM",7900 mAh,"2026, August 21",2026,https://www.gsmarena.com/xiaomi_poco_m8x_5g-14879.php,2026-09-30 19:18:37.164812
Xiaomi,Xiaomi Redmi M100,Qualcomm Snapdragon 4 Gen 5 (4 nm),"128GB 6GB RAM, 256GB 6GB RAM, 256GB 8GB RAM",Si/C Li-Ion 7900 mAh,"2026, August 19",2026,https://www.gsmarena.com/xiaomi_redmi_m100_5g-14882.php,2026-09-30 19:18:41.414248
Xiaomi,Xiaomi Redmi K100 Pro Max,Qualcomm SM8850-AC Snapdragon 8 Elite Gen 5 (3 nm),"256GB 12GB RAM, 256GB 16GB RAM, 512GB 12GB RAM, 512GB 16GB RAM",Si/C Li-Ion 9070 mAh,"2026, August 11",2026,https://www.gsmarena.com/xiaomi_redmi_k100_pro_max_5g-14865.php,2026-09-30 19:18:45.351974
Xiaomi,Xiaomi Redmi K100 Pro,Qualcomm SM8850-1-AB Snapdragon 8 Elite Gen 5 V Series (3 nm),"256GB 12GB RAM, 256GB 16GB RAM, 512GB 12GB RAM, 512GB 16GB RAM",Si/C Li-Ion 8580 mAh,"2026, August 11",2026,https://www.gsmarena.com/xiaomi_redmi_k100_pro_5g-14715.php,2026-09-30 19:18:50.881809
Xiaomi,Xiaomi Redmi 17,Qualcomm Snapdragon 4 Gen 5 (4 nm),"128GB 4GB RAM, 128GB 6GB RAM, 128GB 8GB RAM, 256GB 4GB RAM, 256GB 6GB RAM",Si/C Li-Ion 7500 mAh - version 1 Si/C Li-Ion 7900 mAh - version 2,"2026, August 10",2026,https://www.gsmarena.com/xiaomi_redmi_17_5g-14869.php,2026-09-30 19:18:54.690429
Xiaomi,Xiaomi Redmi 17 4G,Mediatek Helio G91 Ultra (12 nm),"128GB 4GB RAM, 128GB 6GB RAM, 256GB 4GB RAM, 256GB 6GB RAM",Si/C Li-Ion 7500 mAh,"2026, August 10",2026,https://www.gsmarena.com/xiaomi_redmi_17-14807.php,2026-09-30 19:18:58.790483
Xiaomi,Xiaomi Poco M8 Power,Qualcomm SM4450-AF Snapdragon 4 Gen 4,"128GB 6GB RAM, 128GB 8GB RAM",Si/C Li-Ion 8000 mAh,"2026, August 04",2026,https://www.gsmarena.com/xiaomi_poco_m8_power_5g-14804.php,2026-09-30 19:19:03.076711
Xiaomi,Xiaomi Redmi Note 17 Pro (China),Qualcomm SM6435-AA Snapdragon 6s Gen 4 (4 nm),"128GB 8GB RAM, 256GB 8GB RAM, 256GB 12GB RAM, 512GB 8GB RAM",Si/C Li-Ion 9000 mAh,"2026, July 14",2026,https://www.gsmarena.com/xiaomi_redmi_note_17_pro_5g_(china)-14797.php,2026-09-30 19:19:08.778771
Xiaomi,Xiaomi Redmi Note 17 (India/China),Qualcomm SM4450-AF Snapdragon 4 Gen 4,"128GB 6GB RAM, 128GB 8GB RAM, 256GB 8GB RAM",Si/C Li-Ion 8000 mAh,"2026, July 14",2026,https://www.gsmarena.com/xiaomi_redmi_note_17_5g_(china)-14798.php,2026-09-30 19:19:13.181809
Xiaomi,Xiaomi Redmi K90 Ultra,Qualcomm SM8750-AB Snapdragon 8 Elite (3 nm),"256GB 12GB RAM, 256GB 16GB RAM, 512GB 12GB RAM, 512GB 16GB RAM",Si/C Li-Ion 8550 mAh,"2026, June 30",2026,https://www.gsmarena.com/xiaomi_redmi_k90_ultra_5g-14757.php,2026-09-30 19:19:18.960202
Xiaomi,Xiaomi Redmi 17C 4G,Mediatek Helio G81 Ultra (12 nm),"64GB 4GB RAM, 128GB 4GB RAM",5160 mAh,"2026, June 23",2026,https://www.gsmarena.com/xiaomi_redmi_17c_(china)-14750.php,2026-09-30 19:19:24.550905
Xiaomi,Xiaomi 17T Pro,Mediatek Dimensity 9500 (3 nm),"256GB 12GB RAM, 512GB 12GB RAM, 512GB 16GB RAM, 1TB 12GB RAM",Si/C Li-Ion 7000 mAh,"2026, May 28",2026,https://www.gsmarena.com/xiaomi_17t_pro_5g-14651.php,2026-09-30 19:19:29.782419
Xiaomi,Xiaomi 17T,Mediatek Dimensity 8500 Ultra (4 nm),"256GB 12GB RAM, 512GB 12GB RAM",Si/C Li-Ion 6500 mAh - Global Si/C Li-Ion 7000 mAh - China only,"2026, May 28",2026,https://www.gsmarena.com/xiaomi_17t_5g-14652.php,2026-09-30 19:19:35.002002
Xiaomi,Xiaomi 17 Max,Qualcomm SM8850-AC Snapdragon 8 Elite Gen 5 (3 nm),"256GB 12GB RAM, 256GB 16GB RAM, 512GB 12GB RAM, 512GB 16GB RAM",Si/C Li-Ion 8000 mAh,"2026, May 21",2026,https://www.gsmarena.com/xiaomi_17_max_5g-14667.php,2026-09-30 19:19:39.659923
Xiaomi,Xiaomi Poco C81 Pro,Unisoc T7250 (12 nm),"64GB 4GB RAM, 128GB 4GB RAM, 256GB 4GB RAM",6000 mAh,"2026, April 27",2026,https://www.gsmarena.com/xiaomi_poco_c81_pro-14635.php,2026-09-30 19:19:43.482105
Xiaomi,Xiaomi Poco C81,Unisoc T7250 (12 nm),64GB 4GB RAM,6300 mAh,"2026, April 23",2026,https://www.gsmarena.com/xiaomi_poco_c81-14626.php,2026-09-30 19:19:47.724872
Xiaomi,Xiaomi Poco C81x,Unisoc T7250 (12 nm),64GB 3GB RAM,5200 mAh,"2026, April 23",2026,https://www.gsmarena.com/xiaomi_poco_c81x-14627.php,2026-09-30 19:19:52.482014
itel,itel A300C,Unisoc T7100,"64GB 3GB RAM, 64GB 4GB RAM, 128GB 3GB RAM, 128GB 4GB RAM",6000 mAh,"2026, September 18",2026,https://www.gsmarena.com/itel_a300c-14956.php,2026-09-30 14:58:16.493003
itel,itel A100Cs,Unisoc T7100,"64GB 2GB RAM, 64GB 3GB RAM, 64GB 4GB RAM, 128GB 4GB RAM",5000 mAh,"2026, June",2026,https://www.gsmarena.com/itel_a100cs-14816.php,2026-09-30 14:58:21.885066
itel,itel City 200s,Unisoc T7250 (12 nm),"128GB 4GB RAM, 128GB 6GB RAM, 256GB 4GB RAM",5200 mAh,"2026, June",2026,https://www.gsmarena.com/itel_city_200s-14815.php,2026-09-30 14:58:29.378179
itel,itel Power 80,Unisoc T7250 (12 nm),"64GB 4GB RAM, 128GB 6GB RAM",7000 mAh,"2026, June 09",2026,https://www.gsmarena.com/itel_power_80-14814.php,2026-09-30 14:58:33.865303
itel,itel A100 Pro,Unisoc T7100,"64GB 3GB RAM, 64GB 4GB RAM",5000 mAh,"2026, May 20",2026,https://www.gsmarena.com/itel_a100_pro-14678.php,2026-09-30 14:58:38.650480
itel,itel Zeno 100,Unisoc T7100,"64GB 3GB RAM, 64GB 4GB RAM",5000 mAh,"2026, March 06",2026,https://www.gsmarena.com/itel_zeno_100-14533.php,2026-09-30 14:58:42.268983
itel,itel A200+,Unisoc T7250 (12 nm),"64GB 3GB RAM, 128GB 3GB RAM, 128GB 4GB RAM",6000 mAh,"2026, February",2026,https://www.gsmarena.com/itel_a200+-14477.php,2026-09-30 14:58:45.648209
itel,itel A200,Unisoc T7250 (12 nm),"64GB 3GB RAM, 128GB 3GB RAM, 128GB 4GB RAM",5000 mAh,"2026, February",2026,https://www.gsmarena.com/itel_a200-14478.php,2026-09-30 14:58:50.194910
itel,itel City 200,Unisoc T7250 (12 nm),"128GB 4GB RAM, 128GB 6GB RAM, 256GB 4GB RAM",5200 mAh,"2026, February",2026,https://www.gsmarena.com/itel_city_200-14479.php,2026-09-30 14:58:54.517930
itel,itel Zeno 20 Max,Unisoc T7100,"64GB 3GB RAM, 64GB 4GB RAM",Li-Ion 5000 mAh,"2025, December 21",2025,https://www.gsmarena.com/itel_zeno_20_max-14374.php,2026-09-30 14:59:01.247219
itel,itel VistaTab 10 mini,Mediatek MT8768 (12 nm),64GB 3GB RAM,5100 mAh,"2025, September 19",2025,https://www.gsmarena.com/itel_vistatab_10_mini-14355.php,2026-09-30 14:59:06.866940
itel,itel VistaTab 30GT,Mediatek Helio G99 Ultimate (6 nm),"128GB 4GB RAM, 128GB 6GB RAM",7000 mAh,"2025, September 19",2025,https://www.gsmarena.com/itel_vistatab_30gt-14352.php,2026-09-30 14:59:10.536047
itel,itel VistaTab 30 Pro,Mediatek Helio G99 Ultimate (6 nm),256GB 8GB RAM,10000 mAh,"2025, March 05",2025,https://www.gsmarena.com/itel_vistatab_30_pro-14350.php,2026-09-30 14:59:15.300302
itel,itel TS Pro,Unisoc T603 (22 nm),64GB 4GB RAM,4000 mAh,"2025, October",2025,https://www.gsmarena.com/itel_ts_pro-14223.php,2026-09-30 14:59:18.930970
itel,itel A100C,Unisoc T7100,"64GB 2GB RAM, 64GB 3GB RAM, 64GB 4GB RAM, 128GB 4GB RAM",5000 mAh,"2025, October 06",2025,https://www.gsmarena.com/itel_a100c-14212.php,2026-09-30 14:59:23.656416
itel,itel A100,Unisoc T7250 (12 nm),"128GB 3GB RAM, 128GB 4GB RAM, 128GB 8GB RAM",5000 mAh,"2025, September 25",2025,https://www.gsmarena.com/itel_a100-14211.php,2026-09-30 14:59:27.346712
itel,itel A95,Mediatek Dimensity 6300 (6 nm),"128GB 4GB RAM, 128GB 6GB RAM",Li-Po 5000 mAh,"2025, April 17",2025,https://www.gsmarena.com/itel_a95_5g-14210.php,2026-09-30 14:59:33.209310
itel,itel A90 Limited,Unisoc T7100,"64GB 4GB RAM, 128GB 4GB RAM",Li-Ion 5000 mAh,"2025, September 02",2025,https://www.gsmarena.com/itel_a90_limited-14209.php,2026-09-30 14:59:38.868052
itel,itel Super 26 Ultra,Unisoc T7300 (6 nm),"128GB 8GB RAM, 256GB 8GB RAM",6000 mAh,"2025, September 05",2025,https://www.gsmarena.com/itel_super_26_ultra-14128.php,2026-09-30 14:59:44.130884
itel,itel Zeno 20,Unisoc T7100,"64GB 3GB RAM, 128GB 4GB RAM",5000 mAh,"2025, August 23",2025,https://www.gsmarena.com/itel_zeno_20-14096.php,2026-09-30 14:59:49.748767
itel,itel City 100,Unisoc T7250 (12 nm),"128GB 4GB RAM, 128GB 6GB RAM, 128GB 8GB RAM, 256GB 4GB RAM",5200 mAh,"2025, April 27",2025,https://www.gsmarena.com/itel_city_100-13853.php,2026-09-30 14:59:53.901366
itel,itel A90,Unisoc T7100,"64GB 3GB RAM, 64GB 4GB RAM, 128GB 3GB RAM, 128GB 4GB RAM, 256GB 4GB RAM",5000 mAh,"2025, April 20",2025,https://www.gsmarena.com/itel_a90-13852.php,2026-09-30 14:59:59.137765
itel,itel Power 70,Mediatek Helio G50 Ultimate,"128GB 4GB RAM, 128GB 8GB RAM, 256GB 6GB RAM, 256GB 8GB RAM",6000 mAh,"2025, March 02",2025,https://www.gsmarena.com/itel_power_70-13684.php,2026-09-30 15:00:04.603162
itel,itel Zeno 10,Unisoc T603 (22 nm),"64GB 3GB RAM, 64GB 4GB RAM",5000 mAh,"2025, January 02",2025,https://www.gsmarena.com/itel_zeno_10-13618.php,2026-09-30 15:00:09.572852
itel,itel S25 Ultra,Unisoc T620 (12 nm),"128GB 8GB RAM, 256GB 8GB RAM, 512GB 8GB RAM",5000 mAh,"2024, November 09",2024,https://www.gsmarena.com/itel_s25_ultra-13504.php,2026-09-30 15:00:13.668050
itel,itel S25,Unisoc T620 (12 nm),"128GB 6GB RAM, 128GB 8GB RAM",5000 mAh,"2024, November 09",2024,https://www.gsmarena.com/itel_s25-13505.php,2026-09-30 15:00:17.582918
itel,itel VistaTab 30,Unisoc T606 (12 nm),128GB 4GB RAM,7000 mAh,"2024, September",2024,https://www.gsmarena.com/itel_vistatab_30-13344.php,2026-09-30 15:00:21.231019
itel,itel A80,Unisoc T603 (22 nm),"128GB 3GB RAM, 128GB 4GB RAM",5000 mAh,"2024, September",2024,https://www.gsmarena.com/itel_a80-13343.php,2026-09-30 15:00:26.572731
